run_id,loop,estimator,RMSE,max_err,computation_time_per_step,T,ts,rmse_start
6a8881b7,1,EKF,1.4219407941071045,6.8667362923927024,0.16222035925010006,5.0,0.01,0
6a8881b7,1,LMHE1,0.7274770220396515,6.8667362923927024,7.763925948047345,5.0,0.01,0
6a8881b7,1,LMHE2,nan,nan,5.462623752482577,5.0,0.01,0
6a8881b7,1,LMHE3,0.667482166601368,6.8667362923927024,7.089609181589285,5.0,0.01,0
6a8881b7,2,EKF,1.013981527989391,5.531356175547404,0.13292255495840352,5.0,0.01,0
6a8881b7,2,LMHE1,0.647272001250208,5.531356175547404,7.623891217542065,5.0,0.01,0
6a8881b7,2,LMHE2,nan,nan,5.430592215636712,5.0,0.01,0
6a8881b7,2,LMHE3,0.5727146704533134,5.531356175547404,7.675529940136543,5.0,0.01,0
6a8881b7,3,EKF,3.3694407676601834,6.138738735790705,0.14431057883586415,5.0,0.01,0
6a8881b7,3,LMHE1,0.9151706732234364,5.976266337722959,8.582345708556838,5.0,0.01,0
6a8881b7,3,LMHE2,nan,nan,5.775782435123033,5.0,0.01,0
6a8881b7,3,LMHE3,1.5219441709659216,5.976266337722959,7.536456287474169,5.0,0.01,0
6a8881b7,4,EKF,1.5308526727872067,5.94604010784013,0.14528143719236503,5.0,0.01,0
6a8881b7,4,LMHE1,0.7481568934224287,5.94604010784013,8.096640518989169,5.0,0.01,0
6a8881b7,4,LMHE2,nan,nan,6.156891616811407,5.0,0.01,0
6a8881b7,4,LMHE3,1.337322677703578,5.94604010784013,7.676573652642111,5.0,0.01,0
6a8881b7,5,EKF,1.018240522105428,6.984291224971606,0.1586608781791599,5.0,0.01,0
6a8881b7,5,LMHE1,0.5376724339526266,6.984291224971606,8.044618163643564,5.0,0.01,0
6a8881b7,5,LMHE2,nan,nan,0.909112574752911,5.0,0.01,0
6a8881b7,5,LMHE3,0.6652720617686646,6.984291224971606,8.117479640719091,5.0,0.01,0
6a8881b7,6,EKF,0.9416969502513585,4.784696624033133,0.162027345318719,5.0,0.01,0
6a8881b7,6,LMHE1,0.5141372167391618,4.784696624033133,8.210168862362167,5.0,0.01,0
6a8881b7,6,LMHE2,nan,nan,6.209702794361086,5.0,0.01,0
6a8881b7,6,LMHE3,0.5574413850892852,4.784696624033133,7.9579596806683774,5.0,0.01,0
6a8881b7,7,EKF,1.0797219041248252,5.6820644026094325,0.1396455090054257,5.0,0.01,0
6a8881b7,7,LMHE1,0.6715603241724424,5.6820644026094325,8.328061077874823,5.0,0.01,0
6a8881b7,7,LMHE2,nan,nan,6.420493812324431,5.0,0.01,0
6a8881b7,7,LMHE3,0.8045299105672192,5.6820644026094325,8.046492415121543,5.0,0.01,0
6a8881b7,8,EKF,1.364972991625063,6.316554359200237,0.14488483029055202,5.0,0.01,0
6a8881b7,8,LMHE1,0.7895220479120048,6.316554359200237,8.164267465119025,5.0,0.01,0
6a8881b7,8,LMHE2,nan,nan,6.062684431156244,5.0,0.01,0
6a8881b7,8,LMHE3,0.9843439743266781,6.316554359200237,8.10746027948149,5.0,0.01,0
6a8881b7,9,EKF,1.082891061258928,5.46880239120777,0.24233113773568662,5.0,0.01,0
6a8881b7,9,LMHE1,0.6074399594760106,5.46880239120777,8.607761277501172,5.0,0.01,0
6a8881b7,9,LMHE2,nan,nan,6.238849301373553,5.0,0.01,0
6a8881b7,9,LMHE3,0.7260261110447991,5.46880239120777,8.095257884187033,5.0,0.01,0
6a8881b7,10,EKF,1.476655683256654,5.317469195261444,0.1398672654382706,5.0,0.01,0
6a8881b7,10,LMHE1,0.7115043428431342,5.317469195261444,8.369479441091404,5.0,0.01,0
6a8881b7,10,LMHE2,nan,nan,6.0858548903036604,5.0,0.01,0
6a8881b7,10,LMHE3,0.8409618659352158,5.317469195261444,8.133336926179338,5.0,0.01,0
6a8881b7,11,EKF,1.773692467305269,6.578536894894394,0.1587303393211833,5.0,0.01,0
6a8881b7,11,LMHE1,1.1771806153878008,6.578536894894394,8.182725149714305,5.0,0.01,0
6a8881b7,11,LMHE2,nan,nan,6.425763672764251,5.0,0.01,0
6a8881b7,11,LMHE3,0.8328952650129015,6.578536894894394,8.12295269457616,5.0,0.01,0
6a8881b7,12,EKF,0.8374929888133039,6.392500264505602,0.1404562874645099,5.0,0.01,0
6a8881b7,12,LMHE1,0.5695958186475096,6.392500264505602,8.374063273475407,5.0,0.01,0
6a8881b7,12,LMHE2,nan,nan,6.3454265468763165,5.0,0.01,0
6a8881b7,12,LMHE3,0.616736273813439,6.392500264505602,8.094505588742468,5.0,0.01,0
6a8881b7,13,EKF,0.9897318166295465,5.627276243596794,0.15612455080737342,5.0,0.01,0
6a8881b7,13,LMHE1,0.5628375598122553,5.627276243596794,8.456016566902735,5.0,0.01,0
6a8881b7,13,LMHE2,nan,nan,6.218276646647215,5.0,0.01,0
6a8881b7,13,LMHE3,0.7959299665110131,5.627276243596794,8.20517045898389,5.0,0.01,0
6a8881b7,14,EKF,1.4299691473837575,5.401589578415306,0.19328343308346715,5.0,0.01,0
6a8881b7,14,LMHE1,1.0014331345974234,5.401589578415306,8.321229940184583,5.0,0.01,0
6a8881b7,14,LMHE2,nan,nan,6.677794011942708,5.0,0.01,0
6a8881b7,14,LMHE3,1.0793138118622239,5.401589578415306,8.008331137787394,5.0,0.01,0
6a8881b7,15,EKF,0.8164095619400826,7.11007362852508,0.14837065868696825,5.0,0.01,0
6a8881b7,15,LMHE1,0.6424534891047512,7.11007362852508,8.267166666587082,5.0,0.01,0
6a8881b7,15,LMHE2,nan,nan,6.457564271470632,5.0,0.01,0
6a8881b7,15,LMHE3,0.6417879939996876,7.11007362852508,7.984258682618546,5.0,0.01,0
6a8881b7,16,EKF,2463.6995353715,1944.3780127482626,0.151088023967223,5.0,0.01,0
6a8881b7,16,LMHE1,0.6820022378295406,5.305679567992658,8.37063512980042,5.0,0.01,0
6a8881b7,16,LMHE2,nan,nan,6.296723552871711,5.0,0.01,0
6a8881b7,16,LMHE3,0.7422803020367699,5.305679567992658,8.139984231528652,5.0,0.01,0
6a8881b7,17,EKF,1.009317422696663,6.8522567887361365,0.14720379236431239,5.0,0.01,0
6a8881b7,17,LMHE1,0.5156860769447562,6.8522567887361365,8.903916766485962,5.0,0.01,0
6a8881b7,17,LMHE2,nan,nan,6.35584291422037,5.0,0.01,0
6a8881b7,17,LMHE3,0.7364988795710367,6.8522567887361365,8.249965069853625,5.0,0.01,0
6a8881b7,18,EKF,1.1439277271850328,6.091651707868252,0.22926946108354007,5.0,0.01,0
6a8881b7,18,LMHE1,0.7012022857263367,6.091651707868252,8.0903045908165,5.0,0.01,0
6a8881b7,18,LMHE2,nan,nan,5.718706586740227,5.0,0.01,0
6a8881b7,18,LMHE3,0.7392516038589669,6.091651707868252,7.332624151639105,5.0,0.01,0
6a8881b7,19,EKF,1.1990350363525253,6.22487531450567,0.13332355287885236,5.0,0.01,0
6a8881b7,19,LMHE1,0.46240389099062784,6.22487531450567,7.902669660633657,5.0,0.01,0
6a8881b7,19,LMHE2,nan,nan,5.662578243591233,5.0,0.01,0
6a8881b7,19,LMHE3,0.6213123343762091,6.22487531450567,7.276863473055776,5.0,0.01,0
6a8881b7,20,EKF,1.026891192908977,5.778672847368881,0.13262754493948822,5.0,0.01,0
6a8881b7,20,LMHE1,0.48778169246970116,5.778672847368881,7.787661077854356,5.0,0.01,0
6a8881b7,20,LMHE2,nan,nan,5.644613373169523,5.0,0.01,0
6a8881b7,20,LMHE3,0.6051213397405056,5.778672847368881,7.210545309451214,5.0,0.01,0
6a8881b7,21,EKF,0.8614300996111993,7.847818277713326,0.13529201595395238,5.0,0.01,0
6a8881b7,21,LMHE1,0.8373438438288462,7.847818277713326,7.85150299403638,5.0,0.01,0
6a8881b7,21,LMHE2,nan,nan,5.560071656746258,5.0,0.01,0
6a8881b7,21,LMHE3,0.815656444438166,7.847818277713326,7.033634730549659,5.0,0.01,0
6a8881b7,22,EKF,1.993486844082168,5.687046668233298,0.13567784433057922,5.0,0.01,0
6a8881b7,22,LMHE1,0.587265786307022,5.687046668233298,7.885098003990532,5.0,0.01,0
6a8881b7,22,LMHE2,15.48622031720158,22.18715528732758,5.628497405196104,5.0,0.01,0
6a8881b7,22,LMHE3,1.4132206821672768,5.687046668233298,7.108856487030279,5.0,0.01,0
6a8881b7,23,EKF,1.1217460990003194,6.0513898500720895,0.1343473053849609,5.0,0.01,0
6a8881b7,23,LMHE1,0.7414264833909652,6.0513898500720895,8.059782435083036,5.0,0.01,0
6a8881b7,23,LMHE2,nan,nan,6.396681636719669,5.0,0.01,0
6a8881b7,23,LMHE3,0.8435397919088442,6.0513898500720895,8.025756287490745,5.0,0.01,0
6a8881b7,24,EKF,1.2152209341403213,5.441611240415509,0.14076866265274807,5.0,0.01,0
6a8881b7,24,LMHE1,0.5406847822052381,5.441611240415509,8.3641161676961,5.0,0.01,0
6a8881b7,24,LMHE2,nan,nan,6.08702754486118,5.0,0.01,0
6a8881b7,24,LMHE3,0.7929884069559358,5.441611240415509,7.919391217625732,5.0,0.01,0
6a8881b7,25,EKF,1.7430668773547253,6.390270153851451,0.14683413165928183,5.0,0.01,0
6a8881b7,25,LMHE1,0.6899263241226624,6.390270153851451,8.339504990052848,5.0,0.01,0
6a8881b7,25,LMHE2,9.815686733006363,13.274453336356306,6.2369359281897445,5.0,0.01,0
6a8881b7,25,LMHE3,0.8222848518689485,6.390270153851451,8.004947904169285,5.0,0.01,0
6a8881b7,26,EKF,1.5488789995232248,6.458608450608879,0.14435708582747037,5.0,0.01,0
6a8881b7,26,LMHE1,0.5639010687209995,6.458608450608879,8.2988556886432,5.0,0.01,0
6a8881b7,26,LMHE2,nan,nan,6.334168463062398,5.0,0.01,0
6a8881b7,26,LMHE3,0.9984025800030601,6.458608450608879,7.930564471035304,5.0,0.01,0
6a8881b7,27,EKF,1.4522592354880601,6.36665855997612,0.1446363273794259,5.0,0.01,0
6a8881b7,27,LMHE1,0.6971032347829296,6.36665855997612,8.361466666739322,5.0,0.01,0
6a8881b7,27,LMHE2,nan,nan,6.333176447092527,5.0,0.01,0
6a8881b7,27,LMHE3,0.7240555478411435,6.36665855997612,8.113249101766204,5.0,0.01,0
6a8881b7,28,EKF,1.1828565964551412,6.4433750149471996,0.16085928138215355,5.0,0.01,0
6a8881b7,28,LMHE1,0.6588786468070588,6.4433750149471996,8.328086227534559,5.0,0.01,0
6a8881b7,28,LMHE2,nan,nan,6.248525748616772,5.0,0.01,0
6a8881b7,28,LMHE3,0.7786806624064008,6.4433750149471996,7.877763872292309,5.0,0.01,0
6a8881b7,29,EKF,0.9772583892383804,5.558699871472319,0.15168602798160113,5.0,0.01,0
6a8881b7,29,LMHE1,0.652757202603561,5.558699871472319,8.235618363352058,5.0,0.01,0
6a8881b7,29,LMHE2,627.2568842216664,604.528720665452,6.171246107803387,5.0,0.01,0
6a8881b7,29,LMHE3,0.5850284456804757,5.558699871472319,7.752742515035725,5.0,0.01,0
6a8881b7,30,EKF,1.184453408409039,6.290607226110741,0.14277465073131546,5.0,0.01,0
6a8881b7,30,LMHE1,0.8063999111597627,6.290607226110741,8.154820758517564,5.0,0.01,0
6a8881b7,30,LMHE2,nan,nan,5.91424371263648,5.0,0.01,0
6a8881b7,30,LMHE3,0.6779397695718788,6.290607226110741,7.719605189711859,5.0,0.01,0
6a8881b7,31,EKF,1.5384886576544698,7.217932038802315,0.1476878242682435,5.0,0.01,0
6a8881b7,31,LMHE1,0.590156385743698,7.217932038802315,8.338454091863822,5.0,0.01,0
6a8881b7,31,LMHE2,nan,nan,5.9786341316903195,5.0,0.01,0
6a8881b7,31,LMHE3,0.5774250085402433,7.217932038802315,7.718773652727859,5.0,0.01,0
6a8881b7,32,EKF,0.7833670240529162,6.5789385778374765,0.1441323353598515,5.0,0.01,0
6a8881b7,32,LMHE1,0.6277226047158162,6.5789385778374765,8.352285429129857,5.0,0.01,0
6a8881b7,32,LMHE2,nan,nan,6.3889497006219065,5.0,0.01,0
6a8881b7,32,LMHE3,0.6949431341624431,6.5789385778374765,8.015952295411802,5.0,0.01,0
6a8881b7,33,EKF,0.8612297051431572,5.4386045881104454,0.14366287419278762,5.0,0.01,0
6a8881b7,33,LMHE1,0.4478911330090489,5.4386045881104454,8.389132534908484,5.0,0.01,0
6a8881b7,33,LMHE2,nan,nan,6.207966467155564,5.0,0.01,0
6a8881b7,33,LMHE3,0.5738370731307468,5.4386045881104454,7.967814770476063,5.0,0.01,0
6a8881b7,34,EKF,1.3141302819547318,5.787007286596338,0.1552137724001206,5.0,0.01,0
6a8881b7,34,LMHE1,0.8297296621323993,5.787007286596338,8.391962474966775,5.0,0.01,0
6a8881b7,34,LMHE2,nan,nan,6.394117365255692,5.0,0.01,0
6a8881b7,34,LMHE3,0.7276591014140594,5.787007286596338,7.994085628847905,5.0,0.01,0
6a8881b7,35,EKF,1.8527231891817688,7.7393452572457795,0.14894630735788397,5.0,0.01,0
6a8881b7,35,LMHE1,0.8201037471913589,7.7393452572457795,8.392917964060953,5.0,0.01,0
6a8881b7,35,LMHE2,nan,nan,6.254302395276257,5.0,0.01,0
6a8881b7,35,LMHE3,0.57301275069694,7.7393452572457795,8.110318363350473,5.0,0.01,0
6a8881b7,36,EKF,1.3072063662245914,6.309015856702191,0.1494790418789222,5.0,0.01,0
6a8881b7,36,LMHE1,0.6310146511914171,6.309015856702191,8.42498882233115,5.0,0.01,0
6a8881b7,36,LMHE2,nan,nan,6.3211700598804095,5.0,0.01,0
6a8881b7,36,LMHE3,0.6404177084094287,6.309015856702191,7.969880439066877,5.0,0.01,0
6a8881b7,37,EKF,0.8741874864790836,5.733895532934983,0.15083013974713858,5.0,0.01,0
6a8881b7,37,LMHE1,0.45971859451333935,5.733895532934983,8.321587624750519,5.0,0.01,0
6a8881b7,37,LMHE2,nan,nan,6.507502594812143,5.0,0.01,0
6a8881b7,37,LMHE3,0.6413871402815154,5.733895532934983,7.791431337346819,5.0,0.01,0
6a8881b7,38,EKF,1.032330948108255,5.55069755199978,0.13466626744970173,5.0,0.01,0
6a8881b7,38,LMHE1,0.6653302754976693,5.55069755199978,8.330303592725421,5.0,0.01,0
6a8881b7,38,LMHE2,nan,nan,7.184779241508219,5.0,0.01,0
6a8881b7,38,LMHE3,nan,nan,7.853754291388982,5.0,0.01,0
6a8881b7,39,EKF,1.2720756646710398,6.348896798879622,0.13619720561247683,5.0,0.01,0
6a8881b7,39,LMHE1,0.7877382250257187,6.348896798879622,8.201691017977842,5.0,0.01,0
6a8881b7,39,LMHE2,nan,nan,0.34621437119706694,5.0,0.01,0
6a8881b7,39,LMHE3,0.8717897913353198,6.348896798879622,7.593818762462341,5.0,0.01,0
6a8881b7,40,EKF,1.0603564687289284,6.9464151288484155,0.13425069856001975,5.0,0.01,0
6a8881b7,40,LMHE1,0.8111178257365721,6.9464151288484155,7.835514970103319,5.0,0.01,0
6a8881b7,40,LMHE2,nan,nan,6.043656087831823,5.0,0.01,0
6a8881b7,40,LMHE3,0.5412683134374073,6.9464151288484155,7.674848902138683,5.0,0.01,0
6a8881b7,41,EKF,0.9387908117387611,5.088545281557422,0.18127045911102893,5.0,0.01,0
6a8881b7,41,LMHE1,0.6594822297452829,5.088545281557422,8.194754091872204,5.0,0.01,0
6a8881b7,41,LMHE2,nan,nan,6.051623552806207,5.0,0.01,0
6a8881b7,41,LMHE3,0.5172585727660485,5.088545281557422,7.519007584813447,5.0,0.01,0
6a8881b7,42,EKF,1.7311918101757306,6.714199243907988,0.13682055888890834,5.0,0.01,0
6a8881b7,42,LMHE1,0.6611413652415736,6.714199243907988,8.164427744502577,5.0,0.01,0
6a8881b7,42,LMHE2,nan,nan,6.076895009922403,5.0,0.01,0
6a8881b7,42,LMHE3,0.9346034513818652,6.714199243907988,8.082200199581251,5.0,0.01,0
6a8881b7,43,EKF,1.1719674568154057,7.0121474780728255,0.13350778442441286,5.0,0.01,0
6a8881b7,43,LMHE1,0.674625748374351,7.0121474780728255,8.271610977996268,5.0,0.01,0
6a8881b7,43,LMHE2,nan,nan,6.4543339321826645,5.0,0.01,0
6a8881b7,43,LMHE3,1.251789961100428,7.0121474780728255,8.338564271530222,5.0,0.01,0
6a8881b7,44,EKF,0.938479525254615,5.001397060481854,0.1487201596740373,5.0,0.01,0
6a8881b7,44,LMHE1,0.6483222360174676,5.001397060481854,8.833708982015894,5.0,0.01,0
6a8881b7,44,LMHE2,nan,nan,6.571423752533603,5.0,0.01,0
6a8881b7,44,LMHE3,0.565368304648505,5.001397060481854,8.060017165666569,5.0,0.01,0
6a8881b7,45,EKF,1.2988710881950467,6.022972871872849,0.13400239525121188,5.0,0.01,0
6a8881b7,45,LMHE1,0.6191066499309903,6.022972871872849,8.569834131711236,5.0,0.01,0
6a8881b7,45,LMHE2,nan,nan,6.37332834324292,5.0,0.01,0
6a8881b7,45,LMHE3,0.7968491851236349,6.022972871872849,8.109525948072303,5.0,0.01,0
6a8881b7,46,EKF,0.8043575524359065,6.395566466861128,0.13405429150541118,5.0,0.01,0
6a8881b7,46,LMHE1,0.658355413621068,6.395566466861128,7.864712974049166,5.0,0.01,0
6a8881b7,46,LMHE2,nan,nan,5.957813572859812,5.0,0.01,0
6a8881b7,46,LMHE3,0.6092833768762732,6.395566466861128,7.235939720549812,5.0,0.01,0
6a8881b7,47,EKF,30.563874315326615,28.382265772122707,0.13416926139508356,5.0,0.01,0
6a8881b7,47,LMHE1,0.7261652592792933,5.959569143538762,7.843393213654721,5.0,0.01,0
6a8881b7,47,LMHE2,nan,nan,5.6131550898829365,5.0,0.01,0
6a8881b7,47,LMHE3,nan,nan,7.256865069784127,5.0,0.01,0
6a8881b7,48,EKF,0.9126204005056412,6.005773347240604,0.13447285431368414,5.0,0.01,0
6a8881b7,48,LMHE1,0.5843937605416034,6.005773347240604,7.859073253534363,5.0,0.01,0
6a8881b7,48,LMHE2,nan,nan,0.3647604790384214,5.0,0.01,0
6a8881b7,48,LMHE3,0.7351556380480408,6.005773347240604,7.296410778457458,5.0,0.01,0
6a8881b7,49,EKF,9.918960132567028,11.944743385159192,0.13356566863197708,5.0,0.01,0
6a8881b7,49,LMHE1,1.2108784781702961,5.462983134013797,7.863851896270611,5.0,0.01,0
6a8881b7,49,LMHE2,nan,nan,5.595687025913526,5.0,0.01,0
6a8881b7,49,LMHE3,1.2756604587718459,5.462983134013797,7.036035528992993,5.0,0.01,0
6a8881b7,50,EKF,0.9923188853087106,7.450933308150824,0.13489540916832235,5.0,0.01,0
6a8881b7,50,LMHE1,0.49245509877129606,7.450933308150824,7.849763073872946,5.0,0.01,0
6a8881b7,50,LMHE2,nan,nan,5.582162275484683,5.0,0.01,0
6a8881b7,50,LMHE3,4.459340743725786,12.190632337435082,7.16366626737275,5.0,0.01,0
6a8881b7,51,EKF,1.055480924805546,6.174851482963357,0.1357668662674264,5.0,0.01,0
6a8881b7,51,LMHE1,0.5351517220945237,6.174851482963357,8.320129540969177,5.0,0.01,0
6a8881b7,51,LMHE2,nan,nan,6.829836726594835,5.0,0.01,0
6a8881b7,51,LMHE3,10.907771580772087,14.162403912375765,8.360312375246535,5.0,0.01,0
6a8881b7,52,EKF,1.5127485589565373,6.096685507901148,0.14446067861736772,5.0,0.01,0
6a8881b7,52,LMHE1,0.6558573517378857,6.096685507901148,8.369002993959382,5.0,0.01,0
6a8881b7,52,LMHE2,nan,nan,6.557281636781693,5.0,0.01,0
6a8881b7,52,LMHE3,5.563669969868621,6.170996312023094,7.2002632734217045,5.0,0.01,0
6a8881b7,53,EKF,1.4814189805577476,5.837226610504379,0.1353772454467526,5.0,0.01,0
6a8881b7,53,LMHE1,0.606779176434942,5.837226610504379,7.876108782417039,5.0,0.01,0
6a8881b7,53,LMHE2,13.263569158147826,13.310208091697852,5.5885562874672345,5.0,0.01,0
6a8881b7,53,LMHE3,1.3056568068122776,5.837226610504379,7.103368862320162,5.0,0.01,0
6a8881b7,54,EKF,1.417827191305406,6.736655989661468,0.13535269459397226,5.0,0.01,0
6a8881b7,54,LMHE1,0.6240168703492587,6.736655989661468,7.893132135674484,5.0,0.01,0
6a8881b7,54,LMHE2,nan,nan,5.623619960125596,5.0,0.01,0
6a8881b7,54,LMHE3,0.6131934881850108,6.736655989661468,7.168075848327105,5.0,0.01,0
6a8881b7,55,EKF,1.2308126567198256,5.796070931802398,0.13562694608797124,5.0,0.01,0
6a8881b7,55,LMHE1,0.6143620031535824,5.796070931802398,7.8890477046891005,5.0,0.01,0
6a8881b7,55,LMHE2,nan,nan,5.566486227535225,5.0,0.01,0
6a8881b7,55,LMHE3,0.6719938512252421,5.796070931802398,7.076178642757564,5.0,0.01,0
6a8881b7,56,EKF,1.4048459180447155,7.0844679440401235,0.13531756481832402,5.0,0.01,0
6a8881b7,56,LMHE1,0.5858799204408709,7.0844679440401235,7.900452894133566,5.0,0.01,0
6a8881b7,56,LMHE2,nan,nan,5.576531137753382,5.0,0.01,0
6a8881b7,56,LMHE3,0.7547715307079755,7.0844679440401235,6.975414970110797,5.0,0.01,0
6a8881b7,57,EKF,1.2290456258476228,6.090027313714963,0.13431796407654228,5.0,0.01,0
6a8881b7,57,LMHE1,0.39480209856849247,6.090027313714963,7.884533732535574,5.0,0.01,0
6a8881b7,57,LMHE2,nan,nan,5.584624351258808,5.0,0.01,0
6a8881b7,57,LMHE3,0.7049927391922406,6.090027313714963,7.844234131715314,5.0,0.01,0
6a8881b7,58,EKF,0.8951618373150311,6.382611373615926,0.14338083832455936,5.0,0.01,0
6a8881b7,58,LMHE1,0.586775544843299,6.382611373615926,8.367535728587585,5.0,0.01,0
6a8881b7,58,LMHE2,nan,nan,6.053650099807372,5.0,0.01,0
6a8881b7,58,LMHE3,3.9561117892508806,9.412692357588103,7.709557684663564,5.0,0.01,0
6a8881b7,59,EKF,5.452528712637603,7.93481597156631,0.14710479042773505,5.0,0.01,0
6a8881b7,59,LMHE1,nan,nan,0.28290259482212615,5.0,0.01,0
6a8881b7,59,LMHE2,nan,nan,6.380820159726923,5.0,0.01,0
6a8881b7,59,LMHE3,0.899941383961469,7.93481597156631,7.597951896297197,5.0,0.01,0
6a8881b7,60,EKF,1.0793646034253077,5.951197982362253,0.14087365265887328,5.0,0.01,0
6a8881b7,60,LMHE1,0.7071442145918716,5.951197982362253,8.32217405194662,5.0,0.01,0
6a8881b7,60,LMHE2,nan,nan,6.025991816410122,5.0,0.01,0
6a8881b7,60,LMHE3,0.5964032178243792,5.951197982362253,7.911072854215685,5.0,0.01,0
6a8881b7,61,EKF,2.08679754208949,6.40802934171096,0.14553053891044593,5.0,0.01,0
6a8881b7,61,LMHE1,0.5733244641004084,6.40802934171096,8.116646307430411,5.0,0.01,0
6a8881b7,61,LMHE2,nan,nan,5.712983832358124,5.0,0.01,0
6a8881b7,61,LMHE3,0.6848218200598456,6.40802934171096,8.026317165706292,5.0,0.01,0
6a8881b7,62,EKF,1.165335591671224,6.251703819236647,0.2001137724806166,5.0,0.01,0
6a8881b7,62,LMHE1,0.715897813908319,6.251703819236647,8.306370658647573,5.0,0.01,0
6a8881b7,62,LMHE2,nan,nan,6.263173852295256,5.0,0.01,0
6a8881b7,62,LMHE3,0.730609687692854,6.251703819236647,7.437657085856136,5.0,0.01,0
6a8881b7,63,EKF,0.953718127811131,7.507060306917609,0.148115968103976,5.0,0.01,0
6a8881b7,63,LMHE1,0.7505189736879299,7.507060306917609,8.285370658727143,5.0,0.01,0
6a8881b7,63,LMHE2,1451.5657886238164,1352.11805004045,5.7904013972116,5.0,0.01,0
6a8881b7,63,LMHE3,0.651275339440496,7.507060306917609,7.2731514969755136,5.0,0.01,0
6a8881b7,64,EKF,1.0679724885274167,6.881796789998312,0.13662055887638808,5.0,0.01,0
6a8881b7,64,LMHE1,0.6477590206299569,6.881796789998312,8.08343852295293,5.0,0.01,0
6a8881b7,64,LMHE2,nan,nan,5.652392415182029,5.0,0.01,0
6a8881b7,64,LMHE3,0.7712352978554056,6.881796789998312,7.408884231595066,5.0,0.01,0
6a8881b7,65,EKF,1.314474151149453,6.176087371221264,0.13745628739288912,5.0,0.01,0
6a8881b7,65,LMHE1,0.4343880632121366,6.176087371221264,8.095518363353438,5.0,0.01,0
6a8881b7,65,LMHE2,nan,nan,5.6757163673503594,5.0,0.01,0
6a8881b7,65,LMHE3,0.8211225696719688,6.176087371221264,7.112450898158366,5.0,0.01,0
6a8881b7,66,EKF,1.2716859818675441,5.737905487452757,0.13560798410010225,5.0,0.01,0
6a8881b7,66,LMHE1,0.6154732113366087,5.737905487452757,7.926308982024999,5.0,0.01,0
6a8881b7,66,LMHE2,nan,nan,5.634694610803226,5.0,0.01,0
6a8881b7,66,LMHE3,0.6758887503787592,5.737905487452757,7.118612974106024,5.0,0.01,0
6a8881b7,67,EKF,1.9517782395010692,6.542377007162926,0.13519680634523906,5.0,0.01,0
6a8881b7,67,LMHE1,0.958568384281908,6.542377007162926,7.895145309436509,5.0,0.01,0
6a8881b7,67,LMHE2,nan,nan,5.602709181628147,5.0,0.01,0
6a8881b7,67,LMHE3,1.200980610352099,6.542377007162926,7.634948702536509,5.0,0.01,0
6a8881b7,68,EKF,1.0671113870909734,5.532683034201743,0.14567005988526457,5.0,0.01,0
6a8881b7,68,LMHE1,0.6659844393959107,5.532683034201743,9.982707984015873,5.0,0.01,0
6a8881b7,68,LMHE2,nan,nan,7.798389221463508,5.0,0.01,0
6a8881b7,68,LMHE3,0.6972509112328285,5.532683034201743,9.234148303410242,5.0,0.01,0
6a8881b7,69,EKF,1.188269261088147,5.287466810661735,0.1461089820138173,5.0,0.01,0
6a8881b7,69,LMHE1,0.8147811836258849,5.287466810661735,8.594573652715665,5.0,0.01,0
6a8881b7,69,LMHE2,nan,nan,6.361909381238495,5.0,0.01,0
6a8881b7,69,LMHE3,0.703071167164036,5.287466810661735,7.995180239596083,5.0,0.01,0
6a8881b7,70,EKF,1.6333029456786392,5.663633681106254,0.1606848303501879,5.0,0.01,0
6a8881b7,70,LMHE1,0.6183592129626857,5.663633681106254,8.726033532923225,5.0,0.01,0
6a8881b7,70,LMHE2,nan,nan,6.75649620755715,5.0,0.01,0
6a8881b7,70,LMHE3,nan,nan,8.298023153763792,5.0,0.01,0
6a8881b7,71,EKF,1.165280456539383,7.26080463302922,0.17424211584072477,5.0,0.01,0
6a8881b7,71,LMHE1,0.660401333657801,7.26080463302922,8.728383033919314,5.0,0.01,0
6a8881b7,71,LMHE2,nan,nan,6.351911576818898,5.0,0.01,0
6a8881b7,71,LMHE3,0.970010182520349,7.26080463302922,8.224843912237434,5.0,0.01,0
6a8881b7,72,EKF,nan,nan,0.15138263466531882,5.0,0.01,0
6a8881b7,72,LMHE1,nan,nan,0.34835908184117986,5.0,0.01,0
6a8881b7,72,LMHE2,nan,nan,6.495365269408708,5.0,0.01,0
6a8881b7,72,LMHE3,0.97959924384683,5.483924828148796,8.212674850297761,5.0,0.01,0
6a8881b7,73,EKF,1.0018395875615418,5.8120657132912426,0.14689421160852986,5.0,0.01,0
6a8881b7,73,LMHE1,0.5971305128925407,5.8120657132912426,8.586201197658285,5.0,0.01,0
6a8881b7,73,LMHE2,nan,nan,6.623272854344967,5.0,0.01,0
6a8881b7,73,LMHE3,0.5544810933841144,5.8120657132912426,8.253934930153973,5.0,0.01,0
6a8881b7,74,EKF,1.1965238269163174,4.783407646194918,0.147668463075738,5.0,0.01,0
6a8881b7,74,LMHE1,0.6441034138743991,4.783407646194918,8.526973053859454,5.0,0.01,0
6a8881b7,74,LMHE2,nan,nan,6.34033892219124,5.0,0.01,0
6a8881b7,74,LMHE3,0.8942964823636486,4.783407646194918,8.097350898179265,5.0,0.01,0
6a8881b7,75,EKF,1.0466543467132265,6.78640613254095,0.14036027944652352,5.0,0.01,0
6a8881b7,75,LMHE1,0.8951607505577617,6.78640613254095,8.416682834264835,5.0,0.01,0
6a8881b7,75,LMHE2,nan,nan,6.44480079835831,5.0,0.01,0
6a8881b7,75,LMHE3,0.7381692208163347,6.78640613254095,8.103627145723506,5.0,0.01,0
6a8881b7,76,EKF,2.230796900740978,5.926660939027989,0.14141636717964165,5.0,0.01,0
6a8881b7,76,LMHE1,0.734222403972793,5.926660939027989,8.36823732539186,5.0,0.01,0
6a8881b7,76,LMHE2,nan,nan,6.6417688622368045,5.0,0.01,0
6a8881b7,76,LMHE3,0.6517439451608278,5.926660939027989,8.185787025923672,5.0,0.01,0
6a8881b7,77,EKF,1.070998435073359,4.78257594532861,0.15816886229868124,5.0,0.01,0
6a8881b7,77,LMHE1,0.6982750271848912,4.78257594532861,8.484205189593203,5.0,0.01,0
6a8881b7,77,LMHE2,nan,nan,6.475877844353955,5.0,0.01,0
6a8881b7,77,LMHE3,0.6582602504187999,4.78257594532861,8.21516147704085,5.0,0.01,0
6a8881b7,78,EKF,0.9975589366788878,5.500264115046602,0.15225528937833246,5.0,0.01,0
6a8881b7,78,LMHE1,0.49078999137987944,5.500264115046602,8.464171856264407,5.0,0.01,0
6a8881b7,78,LMHE2,nan,nan,6.508858682622133,5.0,0.01,0
6a8881b7,78,LMHE3,1.1739387099241443,5.500264115046602,8.17182834330805,5.0,0.01,0
6a8881b7,79,EKF,1.627297223950655,5.602545750270019,0.14329261479698524,5.0,0.01,0
6a8881b7,79,LMHE1,0.7192669611620489,5.602545750270019,8.561012175718616,5.0,0.01,0
6a8881b7,79,LMHE2,nan,nan,6.620648503047925,5.0,0.01,0
6a8881b7,79,LMHE3,0.8951910964187136,5.602545750270019,8.28001816362466,5.0,0.01,0
6a8881b7,80,EKF,1.2415731787996869,6.341095134148684,0.15014530942141416,5.0,0.01,0
6a8881b7,80,LMHE1,0.7010773475385521,6.341095134148684,8.560922155770177,5.0,0.01,0
6a8881b7,80,LMHE2,nan,nan,6.561591417157833,5.0,0.01,0
6a8881b7,80,LMHE3,0.774476770622224,6.341095134148684,8.020120558906124,5.0,0.01,0
6a8881b7,81,EKF,2.359240575973539,5.628289170913851,0.15554171656918322,5.0,0.01,0
6a8881b7,81,LMHE1,1.0888753096655137,5.628289170913851,8.51822195599272,5.0,0.01,0
6a8881b7,81,LMHE2,nan,nan,6.377949101823436,5.0,0.01,0
6a8881b7,81,LMHE3,1.0845874357387018,5.628289170913851,8.194693413116001,5.0,0.01,0
6a8881b7,82,EKF,1.0227812000009768,5.499755775441133,0.14235908184163346,5.0,0.01,0
6a8881b7,82,LMHE1,0.7047905082219909,5.499755775441133,8.547784231497186,5.0,0.01,0
6a8881b7,82,LMHE2,nan,nan,6.481464271514515,5.0,0.01,0
6a8881b7,82,LMHE3,0.6907326043927918,5.499755775441133,8.277434730570496,5.0,0.01,0
6a8881b7,83,EKF,1.0025339667115845,7.267742583771491,0.14292275460581935,5.0,0.01,0
6a8881b7,83,LMHE1,0.6454896668455057,7.267742583771491,8.525059880277963,5.0,0.01,0
6a8881b7,83,LMHE2,nan,nan,6.505598203616473,5.0,0.01,0
6a8881b7,83,LMHE3,1.21055544438857,7.267742583771491,8.038285030019535,5.0,0.01,0
6a8881b7,84,EKF,1.6325696226900224,6.060189498428726,0.14771936131834598,5.0,0.01,0
6a8881b7,84,LMHE1,0.6544006830352836,6.060189498428726,8.899861277371995,5.0,0.01,0
6a8881b7,84,LMHE2,nan,nan,6.5357724550652305,5.0,0.01,0
6a8881b7,84,LMHE3,5.245521202497744,10.75549331548557,8.266319560854622,5.0,0.01,0
6a8881b7,85,EKF,1.0448479697758102,5.649260776821128,0.1473047904402553,5.0,0.01,0
6a8881b7,85,LMHE1,0.6178489645732058,5.649260776821128,8.530961876263854,5.0,0.01,0
6a8881b7,85,LMHE2,nan,nan,6.350802395217671,5.0,0.01,0
6a8881b7,85,LMHE3,0.8893578629496488,5.649260776821128,8.07711177637072,5.0,0.01,0
6a8881b7,86,EKF,0.969238089340456,6.180859036813432,0.14635608782489856,5.0,0.01,0
6a8881b7,86,LMHE1,0.5828500628574577,6.180859036813432,8.459600798428772,5.0,0.01,0
6a8881b7,86,LMHE2,nan,nan,6.394670059892373,5.0,0.01,0
6a8881b7,86,LMHE3,0.62395501824207,6.180859036813432,8.162762075820622,5.0,0.01,0
6a8881b7,87,EKF,1.82911763537492,6.600852311842626,0.146601796419752,5.0,0.01,0
6a8881b7,87,LMHE1,0.7525174603183135,6.600852311842626,8.52640618757436,5.0,0.01,0
6a8881b7,87,LMHE2,nan,nan,6.459561277444878,5.0,0.01,0
6a8881b7,87,LMHE3,0.7765771793564572,6.600852311842626,8.265154091748196,5.0,0.01,0
6a8881b7,88,EKF,1.1547760164580667,6.727668030987043,0.1391958083516868,5.0,0.01,0
6a8881b7,88,LMHE1,0.6760699748839558,6.727668030987043,8.48758662679045,5.0,0.01,0
6a8881b7,88,LMHE2,nan,nan,6.649616766468196,5.0,0.01,0
6a8881b7,88,LMHE3,1.1928371417207049,6.727668030987043,8.183024550984221,5.0,0.01,0
6a8881b7,89,EKF,1.0138990689970413,5.5024874639748065,0.14132674643583967,5.0,0.01,0
6a8881b7,89,LMHE1,0.8458295742081671,5.5024874639748065,8.658916167677853,5.0,0.01,0
6a8881b7,89,LMHE2,nan,nan,6.3807800398933185,5.0,0.01,0
6a8881b7,89,LMHE3,0.6285124939554286,5.5024874639748065,8.197847904220128,5.0,0.01,0
6a8881b7,90,EKF,7447.984267413742,11115.510837077065,0.14494371262589048,5.0,0.01,0
6a8881b7,90,LMHE1,0.6297401480425114,5.680630594007884,8.567089021941108,5.0,0.01,0
6a8881b7,90,LMHE2,nan,nan,6.502888023903493,5.0,0.01,0
6a8881b7,90,LMHE3,0.7098425347397207,5.680630594007884,8.065147904103842,5.0,0.01,0
6a8881b7,91,EKF,0.9836747309823087,4.774013571077065,0.14357584827912306,5.0,0.01,0
6a8881b7,91,LMHE1,0.5769314358057761,4.774013571077065,8.520262075835344,5.0,0.01,0
6a8881b7,91,LMHE2,nan,nan,6.462811776450807,5.0,0.01,0
6a8881b7,91,LMHE3,1.2557663037763565,4.774013571077065,8.071843712584128,5.0,0.01,0
6a8881b7,92,EKF,1.0435264861657916,5.726232457845081,0.17511097810969142,5.0,0.01,0
6a8881b7,92,LMHE1,0.6486260923083645,5.726232457845081,8.490107385297595,5.0,0.01,0
6a8881b7,92,LMHE2,nan,nan,6.567113373234325,5.0,0.01,0
6a8881b7,92,LMHE3,1.512868127853954,5.726232457845081,8.257122954099017,5.0,0.01,0
6a8881b7,93,EKF,1.723794240539597,6.8379792871418905,0.14839441113047555,5.0,0.01,0
6a8881b7,93,LMHE1,0.7265957363035036,6.8379792871418905,8.529427944066304,5.0,0.01,0
6a8881b7,93,LMHE2,nan,nan,6.377210578938831,5.0,0.01,0
6a8881b7,93,LMHE3,1.0509400812251564,6.8379792871418905,8.160434331244858,5.0,0.01,0
6a8881b7,94,EKF,1.136795210662455,7.086695356130438,0.1429790418786545,5.0,0.01,0
6a8881b7,94,LMHE1,0.42472266536142245,7.086695356130438,8.749550698625255,5.0,0.01,0
6a8881b7,94,LMHE2,nan,nan,6.467428343266457,5.0,0.01,0
6a8881b7,94,LMHE3,1.2058975476604914,7.086695356130438,8.441544910163215,5.0,0.01,0
6a8881b7,95,EKF,1.1912320346001333,5.601055982559318,0.14713772457788238,5.0,0.01,0
6a8881b7,95,LMHE1,0.5626286488775468,5.601055982559318,8.603019560845253,5.0,0.01,0
6a8881b7,95,LMHE2,nan,nan,7.039984630768424,5.0,0.01,0
6a8881b7,95,LMHE3,0.7253183010781149,5.601055982559318,8.58251177640762,5.0,0.01,0
6a8881b7,96,EKF,1.5690141887510427,6.73377699919821,0.2246271456850176,5.0,0.01,0
6a8881b7,96,LMHE1,nan,nan,0.6115618762523011,5.0,0.01,0
6a8881b7,96,LMHE2,3.017051224424505,6.73377699919821,6.226774451147185,5.0,0.01,0
6a8881b7,96,LMHE3,0.667367012286863,6.73377699919821,7.452965269405246,5.0,0.01,0
6a8881b7,97,EKF,0.979304358574138,5.768169058054046,0.1358257484865819,5.0,0.01,0
6a8881b7,97,LMHE1,0.6022304532669971,5.768169058054046,7.93630818354464,5.0,0.01,0
6a8881b7,97,LMHE2,nan,nan,5.607404590778596,5.0,0.01,0
6a8881b7,97,LMHE3,0.7848618913245582,5.768169058054046,7.422461077880427,5.0,0.01,0
6a8881b7,98,EKF,1.2784101189846495,6.065062362348574,0.13496726542198195,5.0,0.01,0
6a8881b7,98,LMHE1,0.6707878791643327,6.065062362348574,7.78516267457449,5.0,0.01,0
6a8881b7,98,LMHE2,nan,nan,5.704293014042957,5.0,0.01,0
6a8881b7,98,LMHE3,1.0361480513548509,6.065062362348574,7.297399999994874,5.0,0.01,0
6a8881b7,99,EKF,24.18878661583912,51.09850618488973,0.13551676653775419,5.0,0.01,0
6a8881b7,99,LMHE1,0.7522622119217978,7.341850973994152,7.839815169684366,5.0,0.01,0
6a8881b7,99,LMHE2,8.97364796017428,7.393192225033316,5.716331137791313,5.0,0.01,0
6a8881b7,99,LMHE3,0.6058556647354005,7.341850973994152,7.225696407253864,5.0,0.01,0
6a8881b7,100,EKF,0.9923738902369722,6.074819890248515,0.13495948104775268,5.0,0.01,0
6a8881b7,100,LMHE1,0.4556159545413038,6.074819890248515,7.8732119760468615,5.0,0.01,0
6a8881b7,100,LMHE2,nan,nan,5.5430960079781455,5.0,0.01,0
6a8881b7,100,LMHE3,0.5429487010018967,6.074819890248515,7.150162275468823,5.0,0.01,0
